,user_index,att,zip,user_rating_x,user_rating_y,user_rating_x,user_rating_y,user_rating,mean_rating
0,478,"['Male', '35 - 49', 'Hispanic', '> $75,000', 'Never Married', 'White']",60601,1,4,4,1,4,2.8
1,478,"['Male', '35 - 49', 'Hispanic', '> $75,000', 'Never Married', 'White']",60602,1,4,4,1,4,2.8
2,478,"['Male', '35 - 49', 'Hispanic', '> $75,000', 'Never Married', 'White']",60603,1,3,2,1,2,1.8
3,478,"['Male', '35 - 49', 'Hispanic', '> $75,000', 'Never Married', 'White']",60604,1,4,2,1,2,2.0
4,478,"['Male', '35 - 49', 'Hispanic', '> $75,000', 'Never Married', 'White']",60605,1,5,5,1,4,3.2
5,478,"['Male', '35 - 49', 'Hispanic', '> $75,000', 'Never Married', 'White']",60606,1,3,2,1,2,1.8
6,478,"['Male', '35 - 49', 'Hispanic', '> $75,000', 'Never Married', 'White']",60607,1,5,4,1,4,3.0
7,478,"['Male', '35 - 49', 'Hispanic', '> $75,000', 'Never Married', 'White']",60608,2,5,5,1,5,3.6
8,478,"['Male', '35 - 49', 'Hispanic', '> $75,000', 'Never Married', 'White']",60609,3,5,5,1,5,3.8
9,478,"['Male', '35 - 49', 'Hispanic', '> $75,000', 'Never Married', 'White']",60610,1,5,5,1,4,3.2
10,478,"['Male', '35 - 49', 'Hispanic', '> $75,000', 'Never Married', 'White']",60611,1,4,3,1,4,2.6
11,478,"['Male', '35 - 49', 'Hispanic', '> $75,000', 'Never Married', 'White']",60612,2,5,5,1,5,3.6
12,478,"['Male', '35 - 49', 'Hispanic', '> $75,000', 'Never Married', 'White']",60613,1,5,4,1,4,3.0
13,478,"['Male', '35 - 49', 'Hispanic', '> $75,000', 'Never Married', 'White']",60614,1,5,5,1,5,3.4
14,478,"['Male', '35 - 49', 'Hispanic', '> $75,000', 'Never Married', 'White']",60615,1,5,5,1,5,3.4
15,478,"['Male', '35 - 49', 'Hispanic', '> $75,000', 'Never Married', 'White']",60616,2,5,5,1,4,3.4
16,478,"['Male', '35 - 49', 'Hispanic', '> $75,000', 'Never Married', 'White']",60617,3,5,5,1,5,3.8
17,478,"['Male', '35 - 49', 'Hispanic', '> $75,000', 'Never Married', 'White']",60618,2,5,5,1,5,3.6
18,478,"['Male', '35 - 49', 'Hispanic', '> $75,000', 'Never Married', 'White']",60619,3,5,5,1,5,3.8
19,478,"['Male', '35 - 49', 'Hispanic', '> $75,000', 'Never Married', 'White']",60620,3,5,5,1,5,3.8
20,478,"['Male', '35 - 49', 'Hispanic', '> $75,000', 'Never Married', 'White']",60621,3,5,5,1,5,3.8
21,478,"['Male', '35 - 49', 'Hispanic', '> $75,000', 'Never Married', 'White']",60622,2,5,5,1,5,3.6
22,478,"['Male', '35 - 49', 'Hispanic', '> $75,000', 'Never Married', 'White']",60623,2,5,5,1,5,3.6
23,478,"['Male', '35 - 49', 'Hispanic', '> $75,000', 'Never Married', 'White']",60624,2,5,5,1,5,3.6
24,478,"['Male', '35 - 49', 'Hispanic', '> $75,000', 'Never Married', 'White']",60625,2,5,5,1,4,3.4
25,478,"['Male', '35 - 49', 'Hispanic', '> $75,000', 'Never Married', 'White']",60626,2,5,4,1,4,3.2
26,478,"['Male', '35 - 49', 'Hispanic', '> $75,000', 'Never Married', 'White']",60628,3,5,5,1,5,3.8
27,478,"['Male', '35 - 49', 'Hispanic', '> $75,000', 'Never Married', 'White']",60629,3,5,5,1,5,3.8
28,478,"['Male', '35 - 49', 'Hispanic', '> $75,000', 'Never Married', 'White']",60630,1,5,4,1,4,3.0
29,478,"['Male', '35 - 49', 'Hispanic', '> $75,000', 'Never Married', 'White']",60631,1,3,3,1,2,2.0
30,478,"['Male', '35 - 49', 'Hispanic', '> $75,000', 'Never Married', 'White']",60632,2,5,5,1,5,3.6
31,478,"['Male', '35 - 49', 'Hispanic', '> $75,000', 'Never Married', 'White']",60633,1,2,2,1,2,1.6
32,478,"['Male', '35 - 49', 'Hispanic', '> $75,000', 'Never Married', 'White']",60634,2,5,4,1,4,3.2
33,478,"['Male', '35 - 49', 'Hispanic', '> $75,000', 'Never Married', 'White']",60636,3,5,5,1,5,3.8
34,478,"['Male', '35 - 49', 'Hispanic', '> $75,000', 'Never Married', 'White']",60637,3,5,5,1,5,3.8
35,478,"['Male', '35 - 49', 'Hispanic', '> $75,000', 'Never Married', 'White']",60638,1,4,4,1,4,2.8
36,478,"['Male', '35 - 49', 'Hispanic', '> $75,000', 'Never Married', 'White']",60639,2,5,5,1,5,3.6
37,478,"['Male', '35 - 49', 'Hispanic', '> $75,000', 'Never Married', 'White']",60640,2,5,5,1,5,3.6
38,478,"['Male', '35 - 49', 'Hispanic', '> $75,000', 'Never Married', 'White']",60641,2,5,5,1,4,3.4
39,478,"['Male', '35 - 49', 'Hispanic', '> $75,000', 'Never Married', 'White']",60642,1,5,5,1,3,3.0
40,478,"['Male', '35 - 49', 'Hispanic', '> $75,000', 'Never Married', 'White']",60643,2,5,5,1,5,3.6
41,478,"['Male', '35 - 49', 'Hispanic', '> $75,000', 'Never Married', 'White']",60644,2,5,5,1,5,3.6
42,478,"['Male', '35 - 49', 'Hispanic', '> $75,000', 'Never Married', 'White']",60645,1,4,4,1,4,2.8
43,478,"['Male', '35 - 49', 'Hispanic', '> $75,000', 'Never Married', 'White']",60646,1,3,3,1,2,2.0
44,478,"['Male', '35 - 49', 'Hispanic', '> $75,000', 'Never Married', 'White']",60647,2,5,5,1,5,3.6
45,478,"['Male', '35 - 49', 'Hispanic', '> $75,000', 'Never Married', 'White']",60649,3,5,5,1,5,3.8
46,478,"['Male', '35 - 49', 'Hispanic', '> $75,000', 'Never Married', 'White']",60651,2,5,5,1,5,3.6
47,478,"['Male', '35 - 49', 'Hispanic', '> $75,000', 'Never Married', 'White']",60652,2,5,5,1,4,3.4
48,478,"['Male', '35 - 49', 'Hispanic', '> $75,000', 'Never Married', 'White']",60653,2,5,5,1,4,3.4
49,478,"['Male', '35 - 49', 'Hispanic', '> $75,000', 'Never Married', 'White']",60654,1,4,4,1,2,2.4
50,478,"['Male', '35 - 49', 'Hispanic', '> $75,000', 'Never Married', 'White']",60655,1,3,2,1,2,1.8
51,478,"['Male', '35 - 49', 'Hispanic', '> $75,000', 'Never Married', 'White']",60656,1,3,3,1,2,2.0
52,478,"['Male', '35 - 49', 'Hispanic', '> $75,000', 'Never Married', 'White']",60657,1,5,4,1,5,3.2
53,478,"['Male', '35 - 49', 'Hispanic', '> $75,000', 'Never Married', 'White']",60659,1,5,4,1,3,2.8
54,478,"['Male', '35 - 49', 'Hispanic', '> $75,000', 'Never Married', 'White']",60660,1,4,4,1,3,2.6
55,478,"['Male', '35 - 49', 'Hispanic', '> $75,000', 'Never Married', 'White']",60661,1,1,1,1,1,1.0
56,478,"['Male', '35 - 49', 'Hispanic', '> $75,000', 'Never Married', 'White']",60666,1,1,1,1,1,1.0
57,478,"['Male', '35 - 49', 'Hispanic', '> $75,000', 'Never Married', 'White']",60707,1,3,3,1,2,2.0
58,478,"['Male', '35 - 49', 'Hispanic', '> $75,000', 'Never Married', 'White']",60827,1,4,4,1,3,2.6
59,17,"['Male', '65+', 'Hispanic', '$15,000 - $24,999', 'Divorced', 'Black']",60601,5,5,5,5,5,5.0
60,17,"['Male', '65+', 'Hispanic', '$15,000 - $24,999', 'Divorced', 'Black']",60602,5,5,5,5,5,5.0
61,17,"['Male', '65+', 'Hispanic', '$15,000 - $24,999', 'Divorced', 'Black']",60603,5,5,5,5,5,5.0
62,17,"['Male', '65+', 'Hispanic', '$15,000 - $24,999', 'Divorced', 'Black']",60604,5,5,5,5,5,5.0
63,17,"['Male', '65+', 'Hispanic', '$15,000 - $24,999', 'Divorced', 'Black']",60605,5,5,5,5,5,5.0
64,17,"['Male', '65+', 'Hispanic', '$15,000 - $24,999', 'Divorced', 'Black']",60606,5,5,5,5,5,5.0
65,17,"['Male', '65+', 'Hispanic', '$15,000 - $24,999', 'Divorced', 'Black']",60607,5,5,5,5,5,5.0
66,17,"['Male', '65+', 'Hispanic', '$15,000 - $24,999', 'Divorced', 'Black']",60608,5,5,5,5,5,5.0
67,17,"['Male', '65+', 'Hispanic', '$15,000 - $24,999', 'Divorced', 'Black']",60609,5,5,5,5,5,5.0
68,17,"['Male', '65+', 'Hispanic', '$15,000 - $24,999', 'Divorced', 'Black']",60610,5,5,5,5,5,5.0
69,17,"['Male', '65+', 'Hispanic', '$15,000 - $24,999', 'Divorced', 'Black']",60611,5,5,5,5,5,5.0
70,17,"['Male', '65+', 'Hispanic', '$15,000 - $24,999', 'Divorced', 'Black']",60612,5,5,5,5,5,5.0
71,17,"['Male', '65+', 'Hispanic', '$15,000 - $24,999', 'Divorced', 'Black']",60613,5,5,5,5,5,5.0
72,17,"['Male', '65+', 'Hispanic', '$15,000 - $24,999', 'Divorced', 'Black']",60614,5,5,5,5,5,5.0
73,17,"['Male', '65+', 'Hispanic', '$15,000 - $24,999', 'Divorced', 'Black']",60615,5,5,5,5,5,5.0
74,17,"['Male', '65+', 'Hispanic', '$15,000 - $24,999', 'Divorced', 'Black']",60616,5,5,5,5,5,5.0
75,17,"['Male', '65+', 'Hispanic', '$15,000 - $24,999', 'Divorced', 'Black']",60617,5,5,5,5,5,5.0
76,17,"['Male', '65+', 'Hispanic', '$15,000 - $24,999', 'Divorced', 'Black']",60618,5,5,5,5,5,5.0
77,17,"['Male', '65+', 'Hispanic', '$15,000 - $24,999', 'Divorced', 'Black']",60619,5,5,5,5,5,5.0
78,17,"['Male', '65+', 'Hispanic', '$15,000 - $24,999', 'Divorced', 'Black']",60620,5,5,5,5,5,5.0
79,17,"['Male', '65+', 'Hispanic', '$15,000 - $24,999', 'Divorced', 'Black']",60621,5,5,5,5,5,5.0
80,17,"['Male', '65+', 'Hispanic', '$15,000 - $24,999', 'Divorced', 'Black']",60622,5,5,5,5,5,5.0
81,17,"['Male', '65+', 'Hispanic', '$15,000 - $24,999', 'Divorced', 'Black']",60623,5,5,5,5,5,5.0
82,17,"['Male', '65+', 'Hispanic', '$15,000 - $24,999', 'Divorced', 'Black']",60624,5,5,5,5,5,5.0
83,17,"['Male', '65+', 'Hispanic', '$15,000 - $24,999', 'Divorced', 'Black']",60625,5,5,5,5,5,5.0
84,17,"['Male', '65+', 'Hispanic', '$15,000 - $24,999', 'Divorced', 'Black']",60626,5,5,5,5,5,5.0
85,17,"['Male', '65+', 'Hispanic', '$15,000 - $24,999', 'Divorced', 'Black']",60628,5,5,5,5,5,5.0
86,17,"['Male', '65+', 'Hispanic', '$15,000 - $24,999', 'Divorced', 'Black']",60629,5,5,5,5,5,5.0
87,17,"['Male', '65+', 'Hispanic', '$15,000 - $24,999', 'Divorced', 'Black']",60630,5,5,5,5,5,5.0
88,17,"['Male', '65+', 'Hispanic', '$15,000 - $24,999', 'Divorced', 'Black']",60631,5,5,5,5,5,5.0
89,17,"['Male', '65+', 'Hispanic', '$15,000 - $24,999', 'Divorced', 'Black']",60632,5,5,5,5,5,5.0
90,17,"['Male', '65+', 'Hispanic', '$15,000 - $24,999', 'Divorced', 'Black']",60633,5,5,4,4,4,4.4
91,17,"['Male', '65+', 'Hispanic', '$15,000 - $24,999', 'Divorced', 'Black']",60634,5,5,5,5,5,5.0
92,17,"['Male', '65+', 'Hispanic', '$15,000 - $24,999', 'Divorced', 'Black']",60636,5,5,5,5,5,5.0
93,17,"['Male', '65+', 'Hispanic', '$15,000 - $24,999', 'Divorced', 'Black']",60637,5,5,5,5,5,5.0
94,17,"['Male', '65+', 'Hispanic', '$15,000 - $24,999', 'Divorced', 'Black']",60638,5,5,5,5,5,5.0
95,17,"['Male', '65+', 'Hispanic', '$15,000 - $24,999', 'Divorced', 'Black']",60639,5,5,5,5,5,5.0
96,17,"['Male', '65+', 'Hispanic', '$15,000 - $24,999', 'Divorced', 'Black']",60640,5,5,5,5,5,5.0
97,17,"['Male', '65+', 'Hispanic', '$15,000 - $24,999', 'Divorced', 'Black']",60641,5,5,5,5,5,5.0
98,17,"['Male', '65+', 'Hispanic', '$15,000 - $24,999', 'Divorced', 'Black']",60642,5,5,5,5,5,5.0
99,17,"['Male', '65+', 'Hispanic', '$15,000 - $24,999', 'Divorced', 'Black']",60643,5,5,5,5,5,5.0
100,17,"['Male', '65+', 'Hispanic', '$15,000 - $24,999', 'Divorced', 'Black']",60644,5,5,5,5,5,5.0
101,17,"['Male', '65+', 'Hispanic', '$15,000 - $24,999', 'Divorced', 'Black']",60645,5,5,5,5,5,5.0
102,17,"['Male', '65+', 'Hispanic', '$15,000 - $24,999', 'Divorced', 'Black']",60646,5,5,5,5,5,5.0
103,17,"['Male', '65+', 'Hispanic', '$15,000 - $24,999', 'Divorced', 'Black']",60647,5,5,5,5,5,5.0
104,17,"['Male', '65+', 'Hispanic', '$15,000 - $24,999', 'Divorced', 'Black']",60649,5,5,5,5,5,5.0
105,17,"['Male', '65+', 'Hispanic', '$15,000 - $24,999', 'Divorced', 'Black']",60651,5,5,5,5,5,5.0
106,17,"['Male', '65+', 'Hispanic', '$15,000 - $24,999', 'Divorced', 'Black']",60652,5,5,5,5,5,5.0
107,17,"['Male', '65+', 'Hispanic', '$15,000 - $24,999', 'Divorced', 'Black']",60653,5,5,5,5,5,5.0
108,17,"['Male', '65+', 'Hispanic', '$15,000 - $24,999', 'Divorced', 'Black']",60654,5,5,5,5,5,5.0
109,17,"['Male', '65+', 'Hispanic', '$15,000 - $24,999', 'Divorced', 'Black']",60655,5,5,5,5,5,5.0
110,17,"['Male', '65+', 'Hispanic', '$15,000 - $24,999', 'Divorced', 'Black']",60656,5,5,5,5,5,5.0
111,17,"['Male', '65+', 'Hispanic', '$15,000 - $24,999', 'Divorced', 'Black']",60657,5,5,5,5,5,5.0
112,17,"['Male', '65+', 'Hispanic', '$15,000 - $24,999', 'Divorced', 'Black']",60659,5,5,5,5,5,5.0
113,17,"['Male', '65+', 'Hispanic', '$15,000 - $24,999', 'Divorced', 'Black']",60660,5,5,5,5,5,5.0
114,17,"['Male', '65+', 'Hispanic', '$15,000 - $24,999', 'Divorced', 'Black']",60661,5,5,5,5,5,5.0
115,17,"['Male', '65+', 'Hispanic', '$15,000 - $24,999', 'Divorced', 'Black']",60666,4,5,4,4,4,4.2
116,17,"['Male', '65+', 'Hispanic', '$15,000 - $24,999', 'Divorced', 'Black']",60707,5,5,5,5,5,5.0
117,17,"['Male', '65+', 'Hispanic', '$15,000 - $24,999', 'Divorced', 'Black']",60827,5,5,5,5,5,5.0
118,702,"['Female', '25 - 34', 'Hispanic', '$15,000 - $24,999', 'Divorced', 'Other']",60601,5,5,5,5,5,5.0
119,702,"['Female', '25 - 34', 'Hispanic', '$15,000 - $24,999', 'Divorced', 'Other']",60602,5,5,5,4,4,4.6
120,702,"['Female', '25 - 34', 'Hispanic', '$15,000 - $24,999', 'Divorced', 'Other']",60603,4,5,4,3,3,3.8
121,702,"['Female', '25 - 34', 'Hispanic', '$15,000 - $24,999', 'Divorced', 'Other']",60604,5,5,4,4,3,4.2
122,702,"['Female', '25 - 34', 'Hispanic', '$15,000 - $24,999', 'Divorced', 'Other']",60605,5,5,5,5,5,5.0
123,702,"['Female', '25 - 34', 'Hispanic', '$15,000 - $24,999', 'Divorced', 'Other']",60606,5,5,5,4,4,4.6
124,702,"['Female', '25 - 34', 'Hispanic', '$15,000 - $24,999', 'Divorced', 'Other']",60607,5,5,5,5,5,5.0
125,702,"['Female', '25 - 34', 'Hispanic', '$15,000 - $24,999', 'Divorced', 'Other']",60608,5,5,5,5,5,5.0
126,702,"['Female', '25 - 34', 'Hispanic', '$15,000 - $24,999', 'Divorced', 'Other']",60609,5,5,5,5,5,5.0
127,702,"['Female', '25 - 34', 'Hispanic', '$15,000 - $24,999', 'Divorced', 'Other']",60610,5,5,5,5,5,5.0
128,702,"['Female', '25 - 34', 'Hispanic', '$15,000 - $24,999', 'Divorced', 'Other']",60611,5,5,5,5,4,4.8
129,702,"['Female', '25 - 34', 'Hispanic', '$15,000 - $24,999', 'Divorced', 'Other']",60612,5,5,5,5,5,5.0
130,702,"['Female', '25 - 34', 'Hispanic', '$15,000 - $24,999', 'Divorced', 'Other']",60613,5,5,5,5,5,5.0
131,702,"['Female', '25 - 34', 'Hispanic', '$15,000 - $24,999', 'Divorced', 'Other']",60614,5,5,5,5,5,5.0
132,702,"['Female', '25 - 34', 'Hispanic', '$15,000 - $24,999', 'Divorced', 'Other']",60615,5,5,5,5,5,5.0
133,702,"['Female', '25 - 34', 'Hispanic', '$15,000 - $24,999', 'Divorced', 'Other']",60616,5,5,5,5,5,5.0
134,702,"['Female', '25 - 34', 'Hispanic', '$15,000 - $24,999', 'Divorced', 'Other']",60617,5,5,5,5,5,5.0
135,702,"['Female', '25 - 34', 'Hispanic', '$15,000 - $24,999', 'Divorced', 'Other']",60618,5,5,5,5,5,5.0
136,702,"['Female', '25 - 34', 'Hispanic', '$15,000 - $24,999', 'Divorced', 'Other']",60619,5,5,5,5,5,5.0
137,702,"['Female', '25 - 34', 'Hispanic', '$15,000 - $24,999', 'Divorced', 'Other']",60620,5,5,5,5,5,5.0
138,702,"['Female', '25 - 34', 'Hispanic', '$15,000 - $24,999', 'Divorced', 'Other']",60621,5,5,5,5,5,5.0
139,702,"['Female', '25 - 34', 'Hispanic', '$15,000 - $24,999', 'Divorced', 'Other']",60622,5,5,5,5,5,5.0
140,702,"['Female', '25 - 34', 'Hispanic', '$15,000 - $24,999', 'Divorced', 'Other']",60623,5,5,5,5,5,5.0
141,702,"['Female', '25 - 34', 'Hispanic', '$15,000 - $24,999', 'Divorced', 'Other']",60624,5,5,5,5,5,5.0
142,702,"['Female', '25 - 34', 'Hispanic', '$15,000 - $24,999', 'Divorced', 'Other']",60625,5,5,5,5,5,5.0
143,702,"['Female', '25 - 34', 'Hispanic', '$15,000 - $24,999', 'Divorced', 'Other']",60626,5,5,5,5,5,5.0
144,702,"['Female', '25 - 34', 'Hispanic', '$15,000 - $24,999', 'Divorced', 'Other']",60628,5,5,5,5,5,5.0
145,702,"['Female', '25 - 34', 'Hispanic', '$15,000 - $24,999', 'Divorced', 'Other']",60629,5,5,5,5,5,5.0
146,702,"['Female', '25 - 34', 'Hispanic', '$15,000 - $24,999', 'Divorced', 'Other']",60630,5,5,5,5,5,5.0
147,702,"['Female', '25 - 34', 'Hispanic', '$15,000 - $24,999', 'Divorced', 'Other']",60631,5,5,5,4,3,4.4
148,702,"['Female', '25 - 34', 'Hispanic', '$15,000 - $24,999', 'Divorced', 'Other']",60632,5,5,5,5,5,5.0
149,702,"['Female', '25 - 34', 'Hispanic', '$15,000 - $24,999', 'Divorced', 'Other']",60633,5,5,4,4,3,4.2
150,702,"['Female', '25 - 34', 'Hispanic', '$15,000 - $24,999', 'Divorced', 'Other']",60634,5,5,5,5,5,5.0
151,702,"['Female', '25 - 34', 'Hispanic', '$15,000 - $24,999', 'Divorced', 'Other']",60636,5,5,5,5,5,5.0
152,702,"['Female', '25 - 34', 'Hispanic', '$15,000 - $24,999', 'Divorced', 'Other']",60637,5,5,5,5,5,5.0
153,702,"['Female', '25 - 34', 'Hispanic', '$15,000 - $24,999', 'Divorced', 'Other']",60638,5,5,5,5,5,5.0
154,702,"['Female', '25 - 34', 'Hispanic', '$15,000 - $24,999', 'Divorced', 'Other']",60639,5,5,5,5,5,5.0
155,702,"['Female', '25 - 34', 'Hispanic', '$15,000 - $24,999', 'Divorced', 'Other']",60640,5,5,5,5,5,5.0
156,702,"['Female', '25 - 34', 'Hispanic', '$15,000 - $24,999', 'Divorced', 'Other']",60641,5,5,5,5,5,5.0
157,702,"['Female', '25 - 34', 'Hispanic', '$15,000 - $24,999', 'Divorced', 'Other']",60642,5,5,5,5,5,5.0
158,702,"['Female', '25 - 34', 'Hispanic', '$15,000 - $24,999', 'Divorced', 'Other']",60643,5,5,5,5,5,5.0
159,702,"['Female', '25 - 34', 'Hispanic', '$15,000 - $24,999', 'Divorced', 'Other']",60644,5,5,5,5,5,5.0
160,702,"['Female', '25 - 34', 'Hispanic', '$15,000 - $24,999', 'Divorced', 'Other']",60645,5,5,5,5,4,4.8
161,702,"['Female', '25 - 34', 'Hispanic', '$15,000 - $24,999', 'Divorced', 'Other']",60646,5,5,5,4,3,4.4
162,702,"['Female', '25 - 34', 'Hispanic', '$15,000 - $24,999', 'Divorced', 'Other']",60647,5,5,5,5,5,5.0
163,702,"['Female', '25 - 34', 'Hispanic', '$15,000 - $24,999', 'Divorced', 'Other']",60649,5,5,5,5,5,5.0
164,702,"['Female', '25 - 34', 'Hispanic', '$15,000 - $24,999', 'Divorced', 'Other']",60651,5,5,5,5,5,5.0
165,702,"['Female', '25 - 34', 'Hispanic', '$15,000 - $24,999', 'Divorced', 'Other']",60652,5,5,5,5,5,5.0
166,702,"['Female', '25 - 34', 'Hispanic', '$15,000 - $24,999', 'Divorced', 'Other']",60653,5,5,5,5,5,5.0
167,702,"['Female', '25 - 34', 'Hispanic', '$15,000 - $24,999', 'Divorced', 'Other']",60654,5,5,5,5,4,4.8
168,702,"['Female', '25 - 34', 'Hispanic', '$15,000 - $24,999', 'Divorced', 'Other']",60655,5,5,5,4,2,4.2
169,702,"['Female', '25 - 34', 'Hispanic', '$15,000 - $24,999', 'Divorced', 'Other']",60656,5,5,5,4,4,4.6
170,702,"['Female', '25 - 34', 'Hispanic', '$15,000 - $24,999', 'Divorced', 'Other']",60657,5,5,5,5,5,5.0
171,702,"['Female', '25 - 34', 'Hispanic', '$15,000 - $24,999', 'Divorced', 'Other']",60659,5,5,5,5,5,5.0
172,702,"['Female', '25 - 34', 'Hispanic', '$15,000 - $24,999', 'Divorced', 'Other']",60660,5,5,5,5,4,4.8
173,702,"['Female', '25 - 34', 'Hispanic', '$15,000 - $24,999', 'Divorced', 'Other']",60661,5,4,4,4,3,4.0
174,702,"['Female', '25 - 34', 'Hispanic', '$15,000 - $24,999', 'Divorced', 'Other']",60666,4,4,4,4,3,3.8
175,702,"['Female', '25 - 34', 'Hispanic', '$15,000 - $24,999', 'Divorced', 'Other']",60707,5,5,5,5,4,4.8
176,702,"['Female', '25 - 34', 'Hispanic', '$15,000 - $24,999', 'Divorced', 'Other']",60827,5,5,5,5,4,4.8
177,111,"['Male', '65+', 'Hispanic', '$15,000 - $24,999', 'Separated', 'White']",60601,5,5,5,5,5,5.0
178,111,"['Male', '65+', 'Hispanic', '$15,000 - $24,999', 'Separated', 'White']",60602,5,5,5,5,5,5.0
179,111,"['Male', '65+', 'Hispanic', '$15,000 - $24,999', 'Separated', 'White']",60603,4,5,4,4,5,4.4
180,111,"['Male', '65+', 'Hispanic', '$15,000 - $24,999', 'Separated', 'White']",60604,5,5,5,5,5,5.0
181,111,"['Male', '65+', 'Hispanic', '$15,000 - $24,999', 'Separated', 'White']",60605,5,5,5,5,5,5.0
182,111,"['Male', '65+', 'Hispanic', '$15,000 - $24,999', 'Separated', 'White']",60606,5,5,5,5,5,5.0
183,111,"['Male', '65+', 'Hispanic', '$15,000 - $24,999', 'Separated', 'White']",60607,5,5,5,5,5,5.0
184,111,"['Male', '65+', 'Hispanic', '$15,000 - $24,999', 'Separated', 'White']",60608,5,5,5,5,5,5.0
185,111,"['Male', '65+', 'Hispanic', '$15,000 - $24,999', 'Separated', 'White']",60609,5,5,5,5,5,5.0
186,111,"['Male', '65+', 'Hispanic', '$15,000 - $24,999', 'Separated', 'White']",60610,5,5,5,5,5,5.0
187,111,"['Male', '65+', 'Hispanic', '$15,000 - $24,999', 'Separated', 'White']",60611,5,5,5,5,5,5.0
188,111,"['Male', '65+', 'Hispanic', '$15,000 - $24,999', 'Separated', 'White']",60612,5,5,5,5,5,5.0
189,111,"['Male', '65+', 'Hispanic', '$15,000 - $24,999', 'Separated', 'White']",60613,5,5,5,5,5,5.0
190,111,"['Male', '65+', 'Hispanic', '$15,000 - $24,999', 'Separated', 'White']",60614,5,5,5,5,5,5.0
191,111,"['Male', '65+', 'Hispanic', '$15,000 - $24,999', 'Separated', 'White']",60615,5,5,5,5,5,5.0
192,111,"['Male', '65+', 'Hispanic', '$15,000 - $24,999', 'Separated', 'White']",60616,5,5,5,5,5,5.0
193,111,"['Male', '65+', 'Hispanic', '$15,000 - $24,999', 'Separated', 'White']",60617,5,5,5,5,5,5.0
194,111,"['Male', '65+', 'Hispanic', '$15,000 - $24,999', 'Separated', 'White']",60618,5,5,5,5,5,5.0
195,111,"['Male', '65+', 'Hispanic', '$15,000 - $24,999', 'Separated', 'White']",60619,5,5,5,5,5,5.0
196,111,"['Male', '65+', 'Hispanic', '$15,000 - $24,999', 'Separated', 'White']",60620,5,5,5,5,5,5.0
197,111,"['Male', '65+', 'Hispanic', '$15,000 - $24,999', 'Separated', 'White']",60621,5,5,5,5,5,5.0
198,111,"['Male', '65+', 'Hispanic', '$15,000 - $24,999', 'Separated', 'White']",60622,5,5,5,5,5,5.0
199,111,"['Male', '65+', 'Hispanic', '$15,000 - $24,999', 'Separated', 'White']",60623,5,5,5,5,5,5.0
200,111,"['Male', '65+', 'Hispanic', '$15,000 - $24,999', 'Separated', 'White']",60624,5,5,5,5,5,5.0
201,111,"['Male', '65+', 'Hispanic', '$15,000 - $24,999', 'Separated', 'White']",60625,5,5,5,5,5,5.0
202,111,"['Male', '65+', 'Hispanic', '$15,000 - $24,999', 'Separated', 'White']",60626,5,5,5,5,5,5.0
203,111,"['Male', '65+', 'Hispanic', '$15,000 - $24,999', 'Separated', 'White']",60628,5,5,5,5,5,5.0
204,111,"['Male', '65+', 'Hispanic', '$15,000 - $24,999', 'Separated', 'White']",60629,5,5,5,5,5,5.0
205,111,"['Male', '65+', 'Hispanic', '$15,000 - $24,999', 'Separated', 'White']",60630,5,5,5,5,5,5.0
206,111,"['Male', '65+', 'Hispanic', '$15,000 - $24,999', 'Separated', 'White']",60631,5,5,5,5,5,5.0
207,111,"['Male', '65+', 'Hispanic', '$15,000 - $24,999', 'Separated', 'White']",60632,5,5,5,5,5,5.0
208,111,"['Male', '65+', 'Hispanic', '$15,000 - $24,999', 'Separated', 'White']",60633,5,5,5,5,5,5.0
209,111,"['Male', '65+', 'Hispanic', '$15,000 - $24,999', 'Separated', 'White']",60634,5,5,5,5,5,5.0
210,111,"['Male', '65+', 'Hispanic', '$15,000 - $24,999', 'Separated', 'White']",60636,5,5,5,5,5,5.0
211,111,"['Male', '65+', 'Hispanic', '$15,000 - $24,999', 'Separated', 'White']",60637,5,5,5,5,5,5.0
212,111,"['Male', '65+', 'Hispanic', '$15,000 - $24,999', 'Separated', 'White']",60638,5,5,5,5,5,5.0
213,111,"['Male', '65+', 'Hispanic', '$15,000 - $24,999', 'Separated', 'White']",60639,5,5,5,5,5,5.0
214,111,"['Male', '65+', 'Hispanic', '$15,000 - $24,999', 'Separated', 'White']",60640,5,5,5,5,5,5.0
215,111,"['Male', '65+', 'Hispanic', '$15,000 - $24,999', 'Separated', 'White']",60641,5,5,5,5,5,5.0
216,111,"['Male', '65+', 'Hispanic', '$15,000 - $24,999', 'Separated', 'White']",60642,5,5,5,5,5,5.0
217,111,"['Male', '65+', 'Hispanic', '$15,000 - $24,999', 'Separated', 'White']",60643,5,5,5,5,5,5.0
218,111,"['Male', '65+', 'Hispanic', '$15,000 - $24,999', 'Separated', 'White']",60644,5,5,5,5,5,5.0
219,111,"['Male', '65+', 'Hispanic', '$15,000 - $24,999', 'Separated', 'White']",60645,5,5,5,5,5,5.0
220,111,"['Male', '65+', 'Hispanic', '$15,000 - $24,999', 'Separated', 'White']",60646,5,5,5,5,5,5.0
221,111,"['Male', '65+', 'Hispanic', '$15,000 - $24,999', 'Separated', 'White']",60647,5,5,5,5,5,5.0
222,111,"['Male', '65+', 'Hispanic', '$15,000 - $24,999', 'Separated', 'White']",60649,5,5,5,5,5,5.0
223,111,"['Male', '65+', 'Hispanic', '$15,000 - $24,999', 'Separated', 'White']",60651,5,5,5,5,5,5.0
224,111,"['Male', '65+', 'Hispanic', '$15,000 - $24,999', 'Separated', 'White']",60652,5,5,5,5,5,5.0
225,111,"['Male', '65+', 'Hispanic', '$15,000 - $24,999', 'Separated', 'White']",60653,5,5,5,5,5,5.0
226,111,"['Male', '65+', 'Hispanic', '$15,000 - $24,999', 'Separated', 'White']",60654,5,5,5,5,5,5.0
227,111,"['Male', '65+', 'Hispanic', '$15,000 - $24,999', 'Separated', 'White']",60655,5,5,5,5,5,5.0
228,111,"['Male', '65+', 'Hispanic', '$15,000 - $24,999', 'Separated', 'White']",60656,5,5,5,5,5,5.0
229,111,"['Male', '65+', 'Hispanic', '$15,000 - $24,999', 'Separated', 'White']",60657,5,5,5,5,5,5.0
230,111,"['Male', '65+', 'Hispanic', '$15,000 - $24,999', 'Separated', 'White']",60659,5,5,5,5,5,5.0
231,111,"['Male', '65+', 'Hispanic', '$15,000 - $24,999', 'Separated', 'White']",60660,5,5,5,5,5,5.0
232,111,"['Male', '65+', 'Hispanic', '$15,000 - $24,999', 'Separated', 'White']",60661,5,5,5,5,5,5.0
233,111,"['Male', '65+', 'Hispanic', '$15,000 - $24,999', 'Separated', 'White']",60666,4,5,4,4,5,4.4
234,111,"['Male', '65+', 'Hispanic', '$15,000 - $24,999', 'Separated', 'White']",60707,5,5,5,5,5,5.0
235,111,"['Male', '65+', 'Hispanic', '$15,000 - $24,999', 'Separated', 'White']",60827,5,5,5,5,5,5.0
236,175,"['Male', '25 - 34', 'Hispanic', '< $7,500', 'Married', 'Black']",60601,5,5,5,5,5,5.0
237,175,"['Male', '25 - 34', 'Hispanic', '< $7,500', 'Married', 'Black']",60602,5,5,5,4,4,4.6
238,175,"['Male', '25 - 34', 'Hispanic', '< $7,500', 'Married', 'Black']",60603,5,5,4,4,3,4.2
239,175,"['Male', '25 - 34', 'Hispanic', '< $7,500', 'Married', 'Black']",60604,5,5,4,5,4,4.6
240,175,"['Male', '25 - 34', 'Hispanic', '< $7,500', 'Married', 'Black']",60605,5,5,5,5,5,5.0
241,175,"['Male', '25 - 34', 'Hispanic', '< $7,500', 'Married', 'Black']",60606,5,5,4,4,4,4.4
242,175,"['Male', '25 - 34', 'Hispanic', '< $7,500', 'Married', 'Black']",60607,5,5,5,5,5,5.0
243,175,"['Male', '25 - 34', 'Hispanic', '< $7,500', 'Married', 'Black']",60608,5,5,5,5,5,5.0
244,175,"['Male', '25 - 34', 'Hispanic', '< $7,500', 'Married', 'Black']",60609,5,5,5,5,5,5.0
245,175,"['Male', '25 - 34', 'Hispanic', '< $7,500', 'Married', 'Black']",60610,5,5,5,5,5,5.0
246,175,"['Male', '25 - 34', 'Hispanic', '< $7,500', 'Married', 'Black']",60611,5,5,5,5,5,5.0
247,175,"['Male', '25 - 34', 'Hispanic', '< $7,500', 'Married', 'Black']",60612,5,5,5,5,5,5.0
248,175,"['Male', '25 - 34', 'Hispanic', '< $7,500', 'Married', 'Black']",60613,5,5,5,5,5,5.0
249,175,"['Male', '25 - 34', 'Hispanic', '< $7,500', 'Married', 'Black']",60614,5,5,5,5,5,5.0
250,175,"['Male', '25 - 34', 'Hispanic', '< $7,500', 'Married', 'Black']",60615,5,5,5,5,5,5.0
251,175,"['Male', '25 - 34', 'Hispanic', '< $7,500', 'Married', 'Black']",60616,5,5,5,5,5,5.0
252,175,"['Male', '25 - 34', 'Hispanic', '< $7,500', 'Married', 'Black']",60617,5,5,5,5,5,5.0
253,175,"['Male', '25 - 34', 'Hispanic', '< $7,500', 'Married', 'Black']",60618,5,5,5,5,5,5.0
254,175,"['Male', '25 - 34', 'Hispanic', '< $7,500', 'Married', 'Black']",60619,5,5,5,5,5,5.0
255,175,"['Male', '25 - 34', 'Hispanic', '< $7,500', 'Married', 'Black']",60620,5,5,5,5,5,5.0
256,175,"['Male', '25 - 34', 'Hispanic', '< $7,500', 'Married', 'Black']",60621,5,5,5,5,5,5.0
257,175,"['Male', '25 - 34', 'Hispanic', '< $7,500', 'Married', 'Black']",60622,5,5,5,5,5,5.0
258,175,"['Male', '25 - 34', 'Hispanic', '< $7,500', 'Married', 'Black']",60623,5,5,5,5,5,5.0
259,175,"['Male', '25 - 34', 'Hispanic', '< $7,500', 'Married', 'Black']",60624,5,5,5,5,5,5.0
260,175,"['Male', '25 - 34', 'Hispanic', '< $7,500', 'Married', 'Black']",60625,5,5,5,5,5,5.0
261,175,"['Male', '25 - 34', 'Hispanic', '< $7,500', 'Married', 'Black']",60626,5,5,5,5,5,5.0
262,175,"['Male', '25 - 34', 'Hispanic', '< $7,500', 'Married', 'Black']",60628,5,5,5,5,5,5.0
263,175,"['Male', '25 - 34', 'Hispanic', '< $7,500', 'Married', 'Black']",60629,5,5,5,5,5,5.0
264,175,"['Male', '25 - 34', 'Hispanic', '< $7,500', 'Married', 'Black']",60630,5,5,5,5,5,5.0
265,175,"['Male', '25 - 34', 'Hispanic', '< $7,500', 'Married', 'Black']",60631,5,5,4,4,4,4.4
266,175,"['Male', '25 - 34', 'Hispanic', '< $7,500', 'Married', 'Black']",60632,5,5,5,5,5,5.0
267,175,"['Male', '25 - 34', 'Hispanic', '< $7,500', 'Married', 'Black']",60633,5,5,4,4,3,4.2
268,175,"['Male', '25 - 34', 'Hispanic', '< $7,500', 'Married', 'Black']",60634,5,5,5,5,5,5.0
269,175,"['Male', '25 - 34', 'Hispanic', '< $7,500', 'Married', 'Black']",60636,5,5,5,5,5,5.0
270,175,"['Male', '25 - 34', 'Hispanic', '< $7,500', 'Married', 'Black']",60637,5,5,5,5,5,5.0
271,175,"['Male', '25 - 34', 'Hispanic', '< $7,500', 'Married', 'Black']",60638,5,5,5,5,5,5.0
272,175,"['Male', '25 - 34', 'Hispanic', '< $7,500', 'Married', 'Black']",60639,5,5,5,5,5,5.0
273,175,"['Male', '25 - 34', 'Hispanic', '< $7,500', 'Married', 'Black']",60640,5,5,5,5,5,5.0
274,175,"['Male', '25 - 34', 'Hispanic', '< $7,500', 'Married', 'Black']",60641,5,5,5,5,5,5.0
275,175,"['Male', '25 - 34', 'Hispanic', '< $7,500', 'Married', 'Black']",60642,5,5,5,5,5,5.0
276,175,"['Male', '25 - 34', 'Hispanic', '< $7,500', 'Married', 'Black']",60643,5,5,5,5,5,5.0
277,175,"['Male', '25 - 34', 'Hispanic', '< $7,500', 'Married', 'Black']",60644,5,5,5,5,5,5.0
278,175,"['Male', '25 - 34', 'Hispanic', '< $7,500', 'Married', 'Black']",60645,5,5,5,5,5,5.0
279,175,"['Male', '25 - 34', 'Hispanic', '< $7,500', 'Married', 'Black']",60646,5,5,4,4,3,4.2
280,175,"['Male', '25 - 34', 'Hispanic', '< $7,500', 'Married', 'Black']",60647,5,5,5,5,5,5.0
281,175,"['Male', '25 - 34', 'Hispanic', '< $7,500', 'Married', 'Black']",60649,5,5,5,5,5,5.0
282,175,"['Male', '25 - 34', 'Hispanic', '< $7,500', 'Married', 'Black']",60651,5,5,5,5,5,5.0
283,175,"['Male', '25 - 34', 'Hispanic', '< $7,500', 'Married', 'Black']",60652,5,5,5,5,5,5.0
284,175,"['Male', '25 - 34', 'Hispanic', '< $7,500', 'Married', 'Black']",60653,5,5,5,5,5,5.0
285,175,"['Male', '25 - 34', 'Hispanic', '< $7,500', 'Married', 'Black']",60654,5,5,5,5,5,5.0
286,175,"['Male', '25 - 34', 'Hispanic', '< $7,500', 'Married', 'Black']",60655,5,5,4,4,4,4.4
287,175,"['Male', '25 - 34', 'Hispanic', '< $7,500', 'Married', 'Black']",60656,5,5,5,5,5,5.0
288,175,"['Male', '25 - 34', 'Hispanic', '< $7,500', 'Married', 'Black']",60657,5,5,5,5,5,5.0
289,175,"['Male', '25 - 34', 'Hispanic', '< $7,500', 'Married', 'Black']",60659,5,5,5,5,5,5.0
290,175,"['Male', '25 - 34', 'Hispanic', '< $7,500', 'Married', 'Black']",60660,5,5,5,5,5,5.0
291,175,"['Male', '25 - 34', 'Hispanic', '< $7,500', 'Married', 'Black']",60661,5,5,4,4,4,4.4
292,175,"['Male', '25 - 34', 'Hispanic', '< $7,500', 'Married', 'Black']",60666,5,4,4,4,4,4.2
293,175,"['Male', '25 - 34', 'Hispanic', '< $7,500', 'Married', 'Black']",60707,5,5,5,5,4,4.8
294,175,"['Male', '25 - 34', 'Hispanic', '< $7,500', 'Married', 'Black']",60827,5,5,4,4,5,4.6
295,450,"['Male', '21 - 24', 'Hispanic', '> $75,000', 'Separated', 'Other']",60601,5,3,5,5,5,4.6
296,450,"['Male', '21 - 24', 'Hispanic', '> $75,000', 'Separated', 'Other']",60602,5,3,5,5,5,4.6
297,450,"['Male', '21 - 24', 'Hispanic', '> $75,000', 'Separated', 'Other']",60603,5,1,5,5,5,4.2
298,450,"['Male', '21 - 24', 'Hispanic', '> $75,000', 'Separated', 'Other']",60604,5,1,5,5,5,4.2
299,450,"['Male', '21 - 24', 'Hispanic', '> $75,000', 'Separated', 'Other']",60605,5,4,5,5,5,4.8
300,450,"['Male', '21 - 24', 'Hispanic', '> $75,000', 'Separated', 'Other']",60606,5,1,5,5,5,4.2
301,450,"['Male', '21 - 24', 'Hispanic', '> $75,000', 'Separated', 'Other']",60607,5,4,5,5,5,4.8
302,450,"['Male', '21 - 24', 'Hispanic', '> $75,000', 'Separated', 'Other']",60608,5,5,5,5,5,5.0
303,450,"['Male', '21 - 24', 'Hispanic', '> $75,000', 'Separated', 'Other']",60609,5,5,5,5,5,5.0
304,450,"['Male', '21 - 24', 'Hispanic', '> $75,000', 'Separated', 'Other']",60610,5,4,5,5,5,4.8
305,450,"['Male', '21 - 24', 'Hispanic', '> $75,000', 'Separated', 'Other']",60611,5,3,5,5,5,4.6
306,450,"['Male', '21 - 24', 'Hispanic', '> $75,000', 'Separated', 'Other']",60612,5,5,5,5,5,5.0
307,450,"['Male', '21 - 24', 'Hispanic', '> $75,000', 'Separated', 'Other']",60613,5,4,5,5,5,4.8
308,450,"['Male', '21 - 24', 'Hispanic', '> $75,000', 'Separated', 'Other']",60614,5,4,5,5,5,4.8
309,450,"['Male', '21 - 24', 'Hispanic', '> $75,000', 'Separated', 'Other']",60615,5,4,5,5,5,4.8
310,450,"['Male', '21 - 24', 'Hispanic', '> $75,000', 'Separated', 'Other']",60616,5,4,5,5,5,4.8
311,450,"['Male', '21 - 24', 'Hispanic', '> $75,000', 'Separated', 'Other']",60617,5,5,5,5,5,5.0
312,450,"['Male', '21 - 24', 'Hispanic', '> $75,000', 'Separated', 'Other']",60618,5,5,5,5,5,5.0
313,450,"['Male', '21 - 24', 'Hispanic', '> $75,000', 'Separated', 'Other']",60619,5,5,5,5,5,5.0
314,450,"['Male', '21 - 24', 'Hispanic', '> $75,000', 'Separated', 'Other']",60620,5,5,5,5,5,5.0
315,450,"['Male', '21 - 24', 'Hispanic', '> $75,000', 'Separated', 'Other']",60621,5,5,5,5,5,5.0
316,450,"['Male', '21 - 24', 'Hispanic', '> $75,000', 'Separated', 'Other']",60622,5,5,5,5,5,5.0
317,450,"['Male', '21 - 24', 'Hispanic', '> $75,000', 'Separated', 'Other']",60623,5,5,5,5,5,5.0
318,450,"['Male', '21 - 24', 'Hispanic', '> $75,000', 'Separated', 'Other']",60624,5,5,5,5,5,5.0
319,450,"['Male', '21 - 24', 'Hispanic', '> $75,000', 'Separated', 'Other']",60625,5,4,5,5,5,4.8
320,450,"['Male', '21 - 24', 'Hispanic', '> $75,000', 'Separated', 'Other']",60626,5,4,5,5,5,4.8
321,450,"['Male', '21 - 24', 'Hispanic', '> $75,000', 'Separated', 'Other']",60628,5,5,5,5,5,5.0
322,450,"['Male', '21 - 24', 'Hispanic', '> $75,000', 'Separated', 'Other']",60629,5,5,5,5,5,5.0
323,450,"['Male', '21 - 24', 'Hispanic', '> $75,000', 'Separated', 'Other']",60630,5,4,5,5,5,4.8
324,450,"['Male', '21 - 24', 'Hispanic', '> $75,000', 'Separated', 'Other']",60631,5,2,5,5,5,4.4
325,450,"['Male', '21 - 24', 'Hispanic', '> $75,000', 'Separated', 'Other']",60632,5,5,5,5,5,5.0
326,450,"['Male', '21 - 24', 'Hispanic', '> $75,000', 'Separated', 'Other']",60633,5,1,5,5,5,4.2
327,450,"['Male', '21 - 24', 'Hispanic', '> $75,000', 'Separated', 'Other']",60634,5,4,5,5,5,4.8
328,450,"['Male', '21 - 24', 'Hispanic', '> $75,000', 'Separated', 'Other']",60636,5,5,5,5,5,5.0
329,450,"['Male', '21 - 24', 'Hispanic', '> $75,000', 'Separated', 'Other']",60637,5,5,5,5,5,5.0
330,450,"['Male', '21 - 24', 'Hispanic', '> $75,000', 'Separated', 'Other']",60638,5,3,5,5,5,4.6
331,450,"['Male', '21 - 24', 'Hispanic', '> $75,000', 'Separated', 'Other']",60639,5,5,5,5,5,5.0
332,450,"['Male', '21 - 24', 'Hispanic', '> $75,000', 'Separated', 'Other']",60640,5,4,5,5,5,4.8
333,450,"['Male', '21 - 24', 'Hispanic', '> $75,000', 'Separated', 'Other']",60641,5,4,5,5,5,4.8
334,450,"['Male', '21 - 24', 'Hispanic', '> $75,000', 'Separated', 'Other']",60642,5,3,5,5,5,4.6
335,450,"['Male', '21 - 24', 'Hispanic', '> $75,000', 'Separated', 'Other']",60643,5,4,5,5,5,4.8
336,450,"['Male', '21 - 24', 'Hispanic', '> $75,000', 'Separated', 'Other']",60644,5,5,5,5,5,5.0
337,450,"['Male', '21 - 24', 'Hispanic', '> $75,000', 'Separated', 'Other']",60645,5,4,5,5,5,4.8
338,450,"['Male', '21 - 24', 'Hispanic', '> $75,000', 'Separated', 'Other']",60646,5,2,5,5,5,4.4
339,450,"['Male', '21 - 24', 'Hispanic', '> $75,000', 'Separated', 'Other']",60647,5,5,5,5,5,5.0
340,450,"['Male', '21 - 24', 'Hispanic', '> $75,000', 'Separated', 'Other']",60649,5,5,5,5,5,5.0
341,450,"['Male', '21 - 24', 'Hispanic', '> $75,000', 'Separated', 'Other']",60651,5,5,5,5,5,5.0
342,450,"['Male', '21 - 24', 'Hispanic', '> $75,000', 'Separated', 'Other']",60652,5,4,5,5,5,4.8
343,450,"['Male', '21 - 24', 'Hispanic', '> $75,000', 'Separated', 'Other']",60653,5,4,5,5,5,4.8
344,450,"['Male', '21 - 24', 'Hispanic', '> $75,000', 'Separated', 'Other']",60654,5,2,5,5,5,4.4
345,450,"['Male', '21 - 24', 'Hispanic', '> $75,000', 'Separated', 'Other']",60655,5,1,5,5,5,4.2
346,450,"['Male', '21 - 24', 'Hispanic', '> $75,000', 'Separated', 'Other']",60656,5,3,5,5,5,4.6
347,450,"['Male', '21 - 24', 'Hispanic', '> $75,000', 'Separated', 'Other']",60657,5,4,5,5,5,4.8
348,450,"['Male', '21 - 24', 'Hispanic', '> $75,000', 'Separated', 'Other']",60659,5,4,5,5,5,4.8
349,450,"['Male', '21 - 24', 'Hispanic', '> $75,000', 'Separated', 'Other']",60660,5,3,5,5,5,4.6
350,450,"['Male', '21 - 24', 'Hispanic', '> $75,000', 'Separated', 'Other']",60661,5,1,5,5,5,4.2
351,450,"['Male', '21 - 24', 'Hispanic', '> $75,000', 'Separated', 'Other']",60666,5,1,5,5,4,4.0
352,450,"['Male', '21 - 24', 'Hispanic', '> $75,000', 'Separated', 'Other']",60707,5,2,5,5,5,4.4
353,450,"['Male', '21 - 24', 'Hispanic', '> $75,000', 'Separated', 'Other']",60827,5,2,5,5,5,4.4
354,158,"['Male', '50 - 64', 'Non_Hispanic', '$35,000 - $49,999', 'Widowed', 'Black']",60601,5,4,1,1,5,3.2
355,158,"['Male', '50 - 64', 'Non_Hispanic', '$35,000 - $49,999', 'Widowed', 'Black']",60602,4,4,1,1,4,2.8
356,158,"['Male', '50 - 64', 'Non_Hispanic', '$35,000 - $49,999', 'Widowed', 'Black']",60603,4,2,1,1,3,2.2
357,158,"['Male', '50 - 64', 'Non_Hispanic', '$35,000 - $49,999', 'Widowed', 'Black']",60604,5,3,1,1,4,2.8
358,158,"['Male', '50 - 64', 'Non_Hispanic', '$35,000 - $49,999', 'Widowed', 'Black']",60605,5,5,1,1,5,3.4
359,158,"['Male', '50 - 64', 'Non_Hispanic', '$35,000 - $49,999', 'Widowed', 'Black']",60606,5,3,1,1,3,2.6
360,158,"['Male', '50 - 64', 'Non_Hispanic', '$35,000 - $49,999', 'Widowed', 'Black']",60607,5,5,1,1,5,3.4
361,158,"['Male', '50 - 64', 'Non_Hispanic', '$35,000 - $49,999', 'Widowed', 'Black']",60608,5,5,1,2,5,3.6
362,158,"['Male', '50 - 64', 'Non_Hispanic', '$35,000 - $49,999', 'Widowed', 'Black']",60609,5,5,1,3,5,3.8
363,158,"['Male', '50 - 64', 'Non_Hispanic', '$35,000 - $49,999', 'Widowed', 'Black']",60610,5,5,1,1,5,3.4
364,158,"['Male', '50 - 64', 'Non_Hispanic', '$35,000 - $49,999', 'Widowed', 'Black']",60611,5,4,1,2,4,3.2
365,158,"['Male', '50 - 64', 'Non_Hispanic', '$35,000 - $49,999', 'Widowed', 'Black']",60612,5,5,1,2,5,3.6
366,158,"['Male', '50 - 64', 'Non_Hispanic', '$35,000 - $49,999', 'Widowed', 'Black']",60613,5,5,1,1,5,3.4
367,158,"['Male', '50 - 64', 'Non_Hispanic', '$35,000 - $49,999', 'Widowed', 'Black']",60614,5,5,1,1,5,3.4
368,158,"['Male', '50 - 64', 'Non_Hispanic', '$35,000 - $49,999', 'Widowed', 'Black']",60615,5,5,1,1,5,3.4
369,158,"['Male', '50 - 64', 'Non_Hispanic', '$35,000 - $49,999', 'Widowed', 'Black']",60616,5,5,1,1,5,3.4
370,158,"['Male', '50 - 64', 'Non_Hispanic', '$35,000 - $49,999', 'Widowed', 'Black']",60617,5,5,1,2,5,3.6
371,158,"['Male', '50 - 64', 'Non_Hispanic', '$35,000 - $49,999', 'Widowed', 'Black']",60618,5,5,1,1,5,3.4
372,158,"['Male', '50 - 64', 'Non_Hispanic', '$35,000 - $49,999', 'Widowed', 'Black']",60619,5,5,3,3,5,4.2
373,158,"['Male', '50 - 64', 'Non_Hispanic', '$35,000 - $49,999', 'Widowed', 'Black']",60620,5,5,3,4,5,4.4
374,158,"['Male', '50 - 64', 'Non_Hispanic', '$35,000 - $49,999', 'Widowed', 'Black']",60621,5,5,1,3,5,3.8
375,158,"['Male', '50 - 64', 'Non_Hispanic', '$35,000 - $49,999', 'Widowed', 'Black']",60622,5,5,1,1,5,3.4
376,158,"['Male', '50 - 64', 'Non_Hispanic', '$35,000 - $49,999', 'Widowed', 'Black']",60623,5,5,2,3,5,4.0
377,158,"['Male', '50 - 64', 'Non_Hispanic', '$35,000 - $49,999', 'Widowed', 'Black']",60624,5,5,1,3,5,3.8
378,158,"['Male', '50 - 64', 'Non_Hispanic', '$35,000 - $49,999', 'Widowed', 'Black']",60625,5,5,1,1,5,3.4
379,158,"['Male', '50 - 64', 'Non_Hispanic', '$35,000 - $49,999', 'Widowed', 'Black']",60626,5,5,1,1,5,3.4
380,158,"['Male', '50 - 64', 'Non_Hispanic', '$35,000 - $49,999', 'Widowed', 'Black']",60628,5,5,3,3,5,4.2
381,158,"['Male', '50 - 64', 'Non_Hispanic', '$35,000 - $49,999', 'Widowed', 'Black']",60629,5,5,1,3,5,3.8
382,158,"['Male', '50 - 64', 'Non_Hispanic', '$35,000 - $49,999', 'Widowed', 'Black']",60630,5,4,1,1,5,3.2
383,158,"['Male', '50 - 64', 'Non_Hispanic', '$35,000 - $49,999', 'Widowed', 'Black']",60631,5,3,1,1,3,2.6
384,158,"['Male', '50 - 64', 'Non_Hispanic', '$35,000 - $49,999', 'Widowed', 'Black']",60632,5,5,1,2,5,3.6
385,158,"['Male', '50 - 64', 'Non_Hispanic', '$35,000 - $49,999', 'Widowed', 'Black']",60633,4,2,1,1,2,2.0
386,158,"['Male', '50 - 64', 'Non_Hispanic', '$35,000 - $49,999', 'Widowed', 'Black']",60634,5,5,1,1,5,3.4
387,158,"['Male', '50 - 64', 'Non_Hispanic', '$35,000 - $49,999', 'Widowed', 'Black']",60636,5,5,1,3,5,3.8
388,158,"['Male', '50 - 64', 'Non_Hispanic', '$35,000 - $49,999', 'Widowed', 'Black']",60637,5,5,1,3,5,3.8
389,158,"['Male', '50 - 64', 'Non_Hispanic', '$35,000 - $49,999', 'Widowed', 'Black']",60638,5,4,1,1,5,3.2
390,158,"['Male', '50 - 64', 'Non_Hispanic', '$35,000 - $49,999', 'Widowed', 'Black']",60639,5,5,1,2,5,3.6
391,158,"['Male', '50 - 64', 'Non_Hispanic', '$35,000 - $49,999', 'Widowed', 'Black']",60640,5,5,1,1,5,3.4
392,158,"['Male', '50 - 64', 'Non_Hispanic', '$35,000 - $49,999', 'Widowed', 'Black']",60641,5,5,1,1,5,3.4
393,158,"['Male', '50 - 64', 'Non_Hispanic', '$35,000 - $49,999', 'Widowed', 'Black']",60642,5,5,1,1,5,3.4
394,158,"['Male', '50 - 64', 'Non_Hispanic', '$35,000 - $49,999', 'Widowed', 'Black']",60643,5,5,1,1,5,3.4
395,158,"['Male', '50 - 64', 'Non_Hispanic', '$35,000 - $49,999', 'Widowed', 'Black']",60644,5,5,2,3,5,4.0
396,158,"['Male', '50 - 64', 'Non_Hispanic', '$35,000 - $49,999', 'Widowed', 'Black']",60645,5,4,1,1,5,3.2
397,158,"['Male', '50 - 64', 'Non_Hispanic', '$35,000 - $49,999', 'Widowed', 'Black']",60646,5,3,1,1,3,2.6
398,158,"['Male', '50 - 64', 'Non_Hispanic', '$35,000 - $49,999', 'Widowed', 'Black']",60647,5,5,1,1,5,3.4
399,158,"['Male', '50 - 64', 'Non_Hispanic', '$35,000 - $49,999', 'Widowed', 'Black']",60649,5,5,1,1,5,3.4
400,158,"['Male', '50 - 64', 'Non_Hispanic', '$35,000 - $49,999', 'Widowed', 'Black']",60651,5,5,1,3,5,3.8
401,158,"['Male', '50 - 64', 'Non_Hispanic', '$35,000 - $49,999', 'Widowed', 'Black']",60652,5,5,1,1,5,3.4
402,158,"['Male', '50 - 64', 'Non_Hispanic', '$35,000 - $49,999', 'Widowed', 'Black']",60653,5,5,1,1,5,3.4
403,158,"['Male', '50 - 64', 'Non_Hispanic', '$35,000 - $49,999', 'Widowed', 'Black']",60654,5,4,1,1,4,3.0
404,158,"['Male', '50 - 64', 'Non_Hispanic', '$35,000 - $49,999', 'Widowed', 'Black']",60655,5,2,1,1,2,2.2
405,158,"['Male', '50 - 64', 'Non_Hispanic', '$35,000 - $49,999', 'Widowed', 'Black']",60656,5,3,1,1,4,2.8
406,158,"['Male', '50 - 64', 'Non_Hispanic', '$35,000 - $49,999', 'Widowed', 'Black']",60657,5,5,1,1,5,3.4
407,158,"['Male', '50 - 64', 'Non_Hispanic', '$35,000 - $49,999', 'Widowed', 'Black']",60659,5,5,1,1,5,3.4
408,158,"['Male', '50 - 64', 'Non_Hispanic', '$35,000 - $49,999', 'Widowed', 'Black']",60660,5,4,1,1,5,3.2
409,158,"['Male', '50 - 64', 'Non_Hispanic', '$35,000 - $49,999', 'Widowed', 'Black']",60661,5,1,1,1,2,2.0
410,158,"['Male', '50 - 64', 'Non_Hispanic', '$35,000 - $49,999', 'Widowed', 'Black']",60666,4,2,1,1,2,2.0
411,158,"['Male', '50 - 64', 'Non_Hispanic', '$35,000 - $49,999', 'Widowed', 'Black']",60707,5,3,1,1,4,2.8
412,158,"['Male', '50 - 64', 'Non_Hispanic', '$35,000 - $49,999', 'Widowed', 'Black']",60827,5,4,1,1,4,3.0
413,807,"['Female', '25 - 34', 'Non_Hispanic', '$7,500 - $14,999', 'Married', 'White']",60601,2,4,4,4,2,3.2
414,807,"['Female', '25 - 34', 'Non_Hispanic', '$7,500 - $14,999', 'Married', 'White']",60602,2,3,4,3,1,2.6
415,807,"['Female', '25 - 34', 'Non_Hispanic', '$7,500 - $14,999', 'Married', 'White']",60603,1,2,3,2,1,1.8
416,807,"['Female', '25 - 34', 'Non_Hispanic', '$7,500 - $14,999', 'Married', 'White']",60604,1,3,4,3,1,2.4
417,807,"['Female', '25 - 34', 'Non_Hispanic', '$7,500 - $14,999', 'Married', 'White']",60605,2,5,5,5,2,3.8
418,807,"['Female', '25 - 34', 'Non_Hispanic', '$7,500 - $14,999', 'Married', 'White']",60606,1,2,3,2,1,1.8
419,807,"['Female', '25 - 34', 'Non_Hispanic', '$7,500 - $14,999', 'Married', 'White']",60607,2,5,5,5,3,4.0
420,807,"['Female', '25 - 34', 'Non_Hispanic', '$7,500 - $14,999', 'Married', 'White']",60608,4,5,5,5,5,4.8
421,807,"['Female', '25 - 34', 'Non_Hispanic', '$7,500 - $14,999', 'Married', 'White']",60609,4,5,5,5,5,4.8
422,807,"['Female', '25 - 34', 'Non_Hispanic', '$7,500 - $14,999', 'Married', 'White']",60610,2,5,5,5,3,4.0
423,807,"['Female', '25 - 34', 'Non_Hispanic', '$7,500 - $14,999', 'Married', 'White']",60611,2,4,4,4,2,3.2
424,807,"['Female', '25 - 34', 'Non_Hispanic', '$7,500 - $14,999', 'Married', 'White']",60612,4,5,5,5,5,4.8
425,807,"['Female', '25 - 34', 'Non_Hispanic', '$7,500 - $14,999', 'Married', 'White']",60613,1,5,5,5,1,3.4
426,807,"['Female', '25 - 34', 'Non_Hispanic', '$7,500 - $14,999', 'Married', 'White']",60614,2,5,5,5,4,4.2
427,807,"['Female', '25 - 34', 'Non_Hispanic', '$7,500 - $14,999', 'Married', 'White']",60615,3,5,5,5,5,4.6
428,807,"['Female', '25 - 34', 'Non_Hispanic', '$7,500 - $14,999', 'Married', 'White']",60616,3,5,5,5,5,4.6
429,807,"['Female', '25 - 34', 'Non_Hispanic', '$7,500 - $14,999', 'Married', 'White']",60617,5,5,5,5,5,5.0
430,807,"['Female', '25 - 34', 'Non_Hispanic', '$7,500 - $14,999', 'Married', 'White']",60618,5,5,5,5,5,5.0
431,807,"['Female', '25 - 34', 'Non_Hispanic', '$7,500 - $14,999', 'Married', 'White']",60619,5,5,5,5,5,5.0
432,807,"['Female', '25 - 34', 'Non_Hispanic', '$7,500 - $14,999', 'Married', 'White']",60620,5,5,5,5,5,5.0
433,807,"['Female', '25 - 34', 'Non_Hispanic', '$7,500 - $14,999', 'Married', 'White']",60621,5,5,5,5,5,5.0
434,807,"['Female', '25 - 34', 'Non_Hispanic', '$7,500 - $14,999', 'Married', 'White']",60622,3,5,5,5,5,4.6
435,807,"['Female', '25 - 34', 'Non_Hispanic', '$7,500 - $14,999', 'Married', 'White']",60623,5,5,5,5,5,5.0
436,807,"['Female', '25 - 34', 'Non_Hispanic', '$7,500 - $14,999', 'Married', 'White']",60624,4,5,5,5,5,4.8
437,807,"['Female', '25 - 34', 'Non_Hispanic', '$7,500 - $14,999', 'Married', 'White']",60625,1,5,5,5,5,4.2
438,807,"['Female', '25 - 34', 'Non_Hispanic', '$7,500 - $14,999', 'Married', 'White']",60626,2,5,5,5,4,4.2
439,807,"['Female', '25 - 34', 'Non_Hispanic', '$7,500 - $14,999', 'Married', 'White']",60628,5,5,5,5,5,5.0
440,807,"['Female', '25 - 34', 'Non_Hispanic', '$7,500 - $14,999', 'Married', 'White']",60629,5,5,5,5,5,5.0
441,807,"['Female', '25 - 34', 'Non_Hispanic', '$7,500 - $14,999', 'Married', 'White']",60630,1,5,5,5,3,3.8
442,807,"['Female', '25 - 34', 'Non_Hispanic', '$7,500 - $14,999', 'Married', 'White']",60631,1,2,3,2,1,1.8
443,807,"['Female', '25 - 34', 'Non_Hispanic', '$7,500 - $14,999', 'Married', 'White']",60632,5,5,5,5,5,5.0
444,807,"['Female', '25 - 34', 'Non_Hispanic', '$7,500 - $14,999', 'Married', 'White']",60633,1,1,2,1,1,1.2
445,807,"['Female', '25 - 34', 'Non_Hispanic', '$7,500 - $14,999', 'Married', 'White']",60634,1,5,5,5,4,4.0
446,807,"['Female', '25 - 34', 'Non_Hispanic', '$7,500 - $14,999', 'Married', 'White']",60636,5,5,5,5,5,5.0
447,807,"['Female', '25 - 34', 'Non_Hispanic', '$7,500 - $14,999', 'Married', 'White']",60637,5,5,5,5,5,5.0
448,807,"['Female', '25 - 34', 'Non_Hispanic', '$7,500 - $14,999', 'Married', 'White']",60638,1,5,5,5,1,3.4
449,807,"['Female', '25 - 34', 'Non_Hispanic', '$7,500 - $14,999', 'Married', 'White']",60639,5,5,5,5,5,5.0
450,807,"['Female', '25 - 34', 'Non_Hispanic', '$7,500 - $14,999', 'Married', 'White']",60640,3,5,5,5,5,4.6
451,807,"['Female', '25 - 34', 'Non_Hispanic', '$7,500 - $14,999', 'Married', 'White']",60641,3,5,5,5,5,4.6
452,807,"['Female', '25 - 34', 'Non_Hispanic', '$7,500 - $14,999', 'Married', 'White']",60642,1,4,5,4,2,3.2
453,807,"['Female', '25 - 34', 'Non_Hispanic', '$7,500 - $14,999', 'Married', 'White']",60643,3,5,5,5,5,4.6
454,807,"['Female', '25 - 34', 'Non_Hispanic', '$7,500 - $14,999', 'Married', 'White']",60644,4,5,5,5,5,4.8
455,807,"['Female', '25 - 34', 'Non_Hispanic', '$7,500 - $14,999', 'Married', 'White']",60645,2,5,5,5,2,3.8
456,807,"['Female', '25 - 34', 'Non_Hispanic', '$7,500 - $14,999', 'Married', 'White']",60646,1,2,3,2,1,1.8
457,807,"['Female', '25 - 34', 'Non_Hispanic', '$7,500 - $14,999', 'Married', 'White']",60647,4,5,5,5,5,4.8
458,807,"['Female', '25 - 34', 'Non_Hispanic', '$7,500 - $14,999', 'Married', 'White']",60649,5,5,5,5,5,5.0
459,807,"['Female', '25 - 34', 'Non_Hispanic', '$7,500 - $14,999', 'Married', 'White']",60651,4,5,5,5,5,4.8
460,807,"['Female', '25 - 34', 'Non_Hispanic', '$7,500 - $14,999', 'Married', 'White']",60652,1,5,5,5,3,3.8
461,807,"['Female', '25 - 34', 'Non_Hispanic', '$7,500 - $14,999', 'Married', 'White']",60653,2,5,5,5,5,4.4
462,807,"['Female', '25 - 34', 'Non_Hispanic', '$7,500 - $14,999', 'Married', 'White']",60654,1,4,5,4,1,3.0
463,807,"['Female', '25 - 34', 'Non_Hispanic', '$7,500 - $14,999', 'Married', 'White']",60655,1,1,4,1,1,1.6
464,807,"['Female', '25 - 34', 'Non_Hispanic', '$7,500 - $14,999', 'Married', 'White']",60656,1,4,4,4,1,2.8
465,807,"['Female', '25 - 34', 'Non_Hispanic', '$7,500 - $14,999', 'Married', 'White']",60657,3,5,5,5,4,4.4
466,807,"['Female', '25 - 34', 'Non_Hispanic', '$7,500 - $14,999', 'Married', 'White']",60659,1,5,5,5,2,3.6
467,807,"['Female', '25 - 34', 'Non_Hispanic', '$7,500 - $14,999', 'Married', 'White']",60660,1,5,5,5,1,3.4
468,807,"['Female', '25 - 34', 'Non_Hispanic', '$7,500 - $14,999', 'Married', 'White']",60661,1,2,4,2,1,2.0
469,807,"['Female', '25 - 34', 'Non_Hispanic', '$7,500 - $14,999', 'Married', 'White']",60666,1,2,4,2,1,2.0
470,807,"['Female', '25 - 34', 'Non_Hispanic', '$7,500 - $14,999', 'Married', 'White']",60707,1,4,4,4,1,2.8
471,807,"['Female', '25 - 34', 'Non_Hispanic', '$7,500 - $14,999', 'Married', 'White']",60827,1,4,4,4,1,2.8
472,282,"['Female', '50 - 64', 'Non_Hispanic', '> $75,000', 'Separated', 'Black']",60601,5,4,4,4,5,4.4
473,282,"['Female', '50 - 64', 'Non_Hispanic', '> $75,000', 'Separated', 'Black']",60602,4,4,4,4,4,4.0
474,282,"['Female', '50 - 64', 'Non_Hispanic', '> $75,000', 'Separated', 'Black']",60603,3,2,2,2,3,2.4
475,282,"['Female', '50 - 64', 'Non_Hispanic', '> $75,000', 'Separated', 'Black']",60604,4,3,4,4,4,3.8
476,282,"['Female', '50 - 64', 'Non_Hispanic', '> $75,000', 'Separated', 'Black']",60605,5,5,5,5,5,5.0
477,282,"['Female', '50 - 64', 'Non_Hispanic', '> $75,000', 'Separated', 'Black']",60606,3,2,3,3,3,2.8
478,282,"['Female', '50 - 64', 'Non_Hispanic', '> $75,000', 'Separated', 'Black']",60607,5,5,5,5,5,5.0
479,282,"['Female', '50 - 64', 'Non_Hispanic', '> $75,000', 'Separated', 'Black']",60608,5,5,5,5,5,5.0
480,282,"['Female', '50 - 64', 'Non_Hispanic', '> $75,000', 'Separated', 'Black']",60609,5,5,5,5,5,5.0
481,282,"['Female', '50 - 64', 'Non_Hispanic', '> $75,000', 'Separated', 'Black']",60610,5,5,5,5,5,5.0
482,282,"['Female', '50 - 64', 'Non_Hispanic', '> $75,000', 'Separated', 'Black']",60611,5,4,4,4,4,4.2
483,282,"['Female', '50 - 64', 'Non_Hispanic', '> $75,000', 'Separated', 'Black']",60612,5,5,5,5,5,5.0
484,282,"['Female', '50 - 64', 'Non_Hispanic', '> $75,000', 'Separated', 'Black']",60613,5,5,5,5,5,5.0
485,282,"['Female', '50 - 64', 'Non_Hispanic', '> $75,000', 'Separated', 'Black']",60614,5,5,5,5,5,5.0
486,282,"['Female', '50 - 64', 'Non_Hispanic', '> $75,000', 'Separated', 'Black']",60615,5,5,5,5,5,5.0
487,282,"['Female', '50 - 64', 'Non_Hispanic', '> $75,000', 'Separated', 'Black']",60616,5,5,5,5,5,5.0
488,282,"['Female', '50 - 64', 'Non_Hispanic', '> $75,000', 'Separated', 'Black']",60617,5,5,5,5,5,5.0
489,282,"['Female', '50 - 64', 'Non_Hispanic', '> $75,000', 'Separated', 'Black']",60618,5,5,5,5,5,5.0
490,282,"['Female', '50 - 64', 'Non_Hispanic', '> $75,000', 'Separated', 'Black']",60619,5,5,5,5,5,5.0
491,282,"['Female', '50 - 64', 'Non_Hispanic', '> $75,000', 'Separated', 'Black']",60620,5,5,5,5,5,5.0
492,282,"['Female', '50 - 64', 'Non_Hispanic', '> $75,000', 'Separated', 'Black']",60621,5,5,5,5,5,5.0
493,282,"['Female', '50 - 64', 'Non_Hispanic', '> $75,000', 'Separated', 'Black']",60622,5,5,5,5,5,5.0
494,282,"['Female', '50 - 64', 'Non_Hispanic', '> $75,000', 'Separated', 'Black']",60623,5,5,5,5,5,5.0
495,282,"['Female', '50 - 64', 'Non_Hispanic', '> $75,000', 'Separated', 'Black']",60624,5,5,5,5,5,5.0
496,282,"['Female', '50 - 64', 'Non_Hispanic', '> $75,000', 'Separated', 'Black']",60625,5,5,5,5,5,5.0
497,282,"['Female', '50 - 64', 'Non_Hispanic', '> $75,000', 'Separated', 'Black']",60626,5,5,5,5,5,5.0
498,282,"['Female', '50 - 64', 'Non_Hispanic', '> $75,000', 'Separated', 'Black']",60628,5,5,5,5,5,5.0
499,282,"['Female', '50 - 64', 'Non_Hispanic', '> $75,000', 'Separated', 'Black']",60629,5,5,5,5,5,5.0
500,282,"['Female', '50 - 64', 'Non_Hispanic', '> $75,000', 'Separated', 'Black']",60630,5,5,5,5,5,5.0
501,282,"['Female', '50 - 64', 'Non_Hispanic', '> $75,000', 'Separated', 'Black']",60631,3,1,1,1,1,1.4
502,282,"['Female', '50 - 64', 'Non_Hispanic', '> $75,000', 'Separated', 'Black']",60632,5,5,5,5,5,5.0
503,282,"['Female', '50 - 64', 'Non_Hispanic', '> $75,000', 'Separated', 'Black']",60633,2,1,1,1,1,1.2
504,282,"['Female', '50 - 64', 'Non_Hispanic', '> $75,000', 'Separated', 'Black']",60634,5,5,5,5,5,5.0
505,282,"['Female', '50 - 64', 'Non_Hispanic', '> $75,000', 'Separated', 'Black']",60636,5,5,5,5,5,5.0
506,282,"['Female', '50 - 64', 'Non_Hispanic', '> $75,000', 'Separated', 'Black']",60637,5,5,5,5,5,5.0
507,282,"['Female', '50 - 64', 'Non_Hispanic', '> $75,000', 'Separated', 'Black']",60638,5,5,5,5,5,5.0
508,282,"['Female', '50 - 64', 'Non_Hispanic', '> $75,000', 'Separated', 'Black']",60639,5,5,5,5,5,5.0
509,282,"['Female', '50 - 64', 'Non_Hispanic', '> $75,000', 'Separated', 'Black']",60640,5,5,5,5,5,5.0
510,282,"['Female', '50 - 64', 'Non_Hispanic', '> $75,000', 'Separated', 'Black']",60641,5,5,5,5,5,5.0
511,282,"['Female', '50 - 64', 'Non_Hispanic', '> $75,000', 'Separated', 'Black']",60642,5,5,5,5,5,5.0
512,282,"['Female', '50 - 64', 'Non_Hispanic', '> $75,000', 'Separated', 'Black']",60643,5,5,5,5,5,5.0
513,282,"['Female', '50 - 64', 'Non_Hispanic', '> $75,000', 'Separated', 'Black']",60644,5,5,5,5,5,5.0
514,282,"['Female', '50 - 64', 'Non_Hispanic', '> $75,000', 'Separated', 'Black']",60645,5,5,5,5,5,5.0
515,282,"['Female', '50 - 64', 'Non_Hispanic', '> $75,000', 'Separated', 'Black']",60646,4,3,3,3,3,3.2
516,282,"['Female', '50 - 64', 'Non_Hispanic', '> $75,000', 'Separated', 'Black']",60647,5,5,5,5,5,5.0
517,282,"['Female', '50 - 64', 'Non_Hispanic', '> $75,000', 'Separated', 'Black']",60649,5,5,5,5,5,5.0
518,282,"['Female', '50 - 64', 'Non_Hispanic', '> $75,000', 'Separated', 'Black']",60651,5,5,5,5,5,5.0
519,282,"['Female', '50 - 64', 'Non_Hispanic', '> $75,000', 'Separated', 'Black']",60652,5,5,5,5,5,5.0
520,282,"['Female', '50 - 64', 'Non_Hispanic', '> $75,000', 'Separated', 'Black']",60653,5,5,5,5,5,5.0
521,282,"['Female', '50 - 64', 'Non_Hispanic', '> $75,000', 'Separated', 'Black']",60654,5,4,4,4,4,4.2
522,282,"['Female', '50 - 64', 'Non_Hispanic', '> $75,000', 'Separated', 'Black']",60655,3,2,2,2,2,2.2
523,282,"['Female', '50 - 64', 'Non_Hispanic', '> $75,000', 'Separated', 'Black']",60656,4,3,3,3,4,3.4
524,282,"['Female', '50 - 64', 'Non_Hispanic', '> $75,000', 'Separated', 'Black']",60657,5,5,5,5,5,5.0
525,282,"['Female', '50 - 64', 'Non_Hispanic', '> $75,000', 'Separated', 'Black']",60659,5,5,5,5,5,5.0
526,282,"['Female', '50 - 64', 'Non_Hispanic', '> $75,000', 'Separated', 'Black']",60660,5,4,4,4,5,4.4
527,282,"['Female', '50 - 64', 'Non_Hispanic', '> $75,000', 'Separated', 'Black']",60661,4,2,2,2,3,2.6
528,282,"['Female', '50 - 64', 'Non_Hispanic', '> $75,000', 'Separated', 'Black']",60666,2,2,2,2,3,2.2
529,282,"['Female', '50 - 64', 'Non_Hispanic', '> $75,000', 'Separated', 'Black']",60707,4,2,2,2,4,2.8
530,282,"['Female', '50 - 64', 'Non_Hispanic', '> $75,000', 'Separated', 'Black']",60827,5,4,3,3,4,3.8
531,204,"['Female', '35 - 49', 'Hispanic', '$25,000 - $34,999', 'Married', 'Black']",60601,5,5,5,5,4,4.8
532,204,"['Female', '35 - 49', 'Hispanic', '$25,000 - $34,999', 'Married', 'Black']",60602,5,5,5,4,3,4.4
533,204,"['Female', '35 - 49', 'Hispanic', '$25,000 - $34,999', 'Married', 'Black']",60603,5,4,4,3,1,3.4
534,204,"['Female', '35 - 49', 'Hispanic', '$25,000 - $34,999', 'Married', 'Black']",60604,5,5,5,4,2,4.2
535,204,"['Female', '35 - 49', 'Hispanic', '$25,000 - $34,999', 'Married', 'Black']",60605,5,5,5,5,5,5.0
536,204,"['Female', '35 - 49', 'Hispanic', '$25,000 - $34,999', 'Married', 'Black']",60606,5,5,5,3,2,4.0
537,204,"['Female', '35 - 49', 'Hispanic', '$25,000 - $34,999', 'Married', 'Black']",60607,5,5,5,5,5,5.0
538,204,"['Female', '35 - 49', 'Hispanic', '$25,000 - $34,999', 'Married', 'Black']",60608,5,5,5,5,5,5.0
539,204,"['Female', '35 - 49', 'Hispanic', '$25,000 - $34,999', 'Married', 'Black']",60609,5,5,5,5,5,5.0
540,204,"['Female', '35 - 49', 'Hispanic', '$25,000 - $34,999', 'Married', 'Black']",60610,5,5,5,5,5,5.0
541,204,"['Female', '35 - 49', 'Hispanic', '$25,000 - $34,999', 'Married', 'Black']",60611,5,5,5,4,4,4.6
542,204,"['Female', '35 - 49', 'Hispanic', '$25,000 - $34,999', 'Married', 'Black']",60612,5,5,5,5,5,5.0
543,204,"['Female', '35 - 49', 'Hispanic', '$25,000 - $34,999', 'Married', 'Black']",60613,5,5,5,5,5,5.0
544,204,"['Female', '35 - 49', 'Hispanic', '$25,000 - $34,999', 'Married', 'Black']",60614,5,5,5,5,5,5.0
545,204,"['Female', '35 - 49', 'Hispanic', '$25,000 - $34,999', 'Married', 'Black']",60615,5,5,5,5,5,5.0
546,204,"['Female', '35 - 49', 'Hispanic', '$25,000 - $34,999', 'Married', 'Black']",60616,5,5,5,5,5,5.0
547,204,"['Female', '35 - 49', 'Hispanic', '$25,000 - $34,999', 'Married', 'Black']",60617,5,5,5,5,5,5.0
548,204,"['Female', '35 - 49', 'Hispanic', '$25,000 - $34,999', 'Married', 'Black']",60618,5,5,5,5,5,5.0
549,204,"['Female', '35 - 49', 'Hispanic', '$25,000 - $34,999', 'Married', 'Black']",60619,5,5,5,5,5,5.0
550,204,"['Female', '35 - 49', 'Hispanic', '$25,000 - $34,999', 'Married', 'Black']",60620,5,5,5,5,5,5.0
551,204,"['Female', '35 - 49', 'Hispanic', '$25,000 - $34,999', 'Married', 'Black']",60621,5,5,5,5,5,5.0
552,204,"['Female', '35 - 49', 'Hispanic', '$25,000 - $34,999', 'Married', 'Black']",60622,5,5,5,5,5,5.0
553,204,"['Female', '35 - 49', 'Hispanic', '$25,000 - $34,999', 'Married', 'Black']",60623,5,5,5,5,5,5.0
554,204,"['Female', '35 - 49', 'Hispanic', '$25,000 - $34,999', 'Married', 'Black']",60624,5,5,5,5,5,5.0
555,204,"['Female', '35 - 49', 'Hispanic', '$25,000 - $34,999', 'Married', 'Black']",60625,5,5,5,5,5,5.0
556,204,"['Female', '35 - 49', 'Hispanic', '$25,000 - $34,999', 'Married', 'Black']",60626,5,5,5,5,5,5.0
557,204,"['Female', '35 - 49', 'Hispanic', '$25,000 - $34,999', 'Married', 'Black']",60628,5,5,5,5,5,5.0
558,204,"['Female', '35 - 49', 'Hispanic', '$25,000 - $34,999', 'Married', 'Black']",60629,5,5,5,5,5,5.0
559,204,"['Female', '35 - 49', 'Hispanic', '$25,000 - $34,999', 'Married', 'Black']",60630,5,5,5,5,5,5.0
560,204,"['Female', '35 - 49', 'Hispanic', '$25,000 - $34,999', 'Married', 'Black']",60631,5,5,5,3,3,4.2
561,204,"['Female', '35 - 49', 'Hispanic', '$25,000 - $34,999', 'Married', 'Black']",60632,5,5,5,5,5,5.0
562,204,"['Female', '35 - 49', 'Hispanic', '$25,000 - $34,999', 'Married', 'Black']",60633,4,4,4,2,1,3.0
563,204,"['Female', '35 - 49', 'Hispanic', '$25,000 - $34,999', 'Married', 'Black']",60634,5,5,5,5,5,5.0
564,204,"['Female', '35 - 49', 'Hispanic', '$25,000 - $34,999', 'Married', 'Black']",60636,5,5,5,5,5,5.0
565,204,"['Female', '35 - 49', 'Hispanic', '$25,000 - $34,999', 'Married', 'Black']",60637,5,5,5,5,5,5.0
566,204,"['Female', '35 - 49', 'Hispanic', '$25,000 - $34,999', 'Married', 'Black']",60638,5,5,5,5,4,4.8
567,204,"['Female', '35 - 49', 'Hispanic', '$25,000 - $34,999', 'Married', 'Black']",60639,5,5,5,5,5,5.0
568,204,"['Female', '35 - 49', 'Hispanic', '$25,000 - $34,999', 'Married', 'Black']",60640,5,5,5,5,5,5.0
569,204,"['Female', '35 - 49', 'Hispanic', '$25,000 - $34,999', 'Married', 'Black']",60641,5,5,5,5,5,5.0
570,204,"['Female', '35 - 49', 'Hispanic', '$25,000 - $34,999', 'Married', 'Black']",60642,5,5,5,5,4,4.8
571,204,"['Female', '35 - 49', 'Hispanic', '$25,000 - $34,999', 'Married', 'Black']",60643,5,5,5,5,5,5.0
572,204,"['Female', '35 - 49', 'Hispanic', '$25,000 - $34,999', 'Married', 'Black']",60644,5,5,5,5,5,5.0
573,204,"['Female', '35 - 49', 'Hispanic', '$25,000 - $34,999', 'Married', 'Black']",60645,5,5,5,5,5,5.0
574,204,"['Female', '35 - 49', 'Hispanic', '$25,000 - $34,999', 'Married', 'Black']",60646,5,4,4,3,2,3.6
575,204,"['Female', '35 - 49', 'Hispanic', '$25,000 - $34,999', 'Married', 'Black']",60647,5,5,5,5,5,5.0
576,204,"['Female', '35 - 49', 'Hispanic', '$25,000 - $34,999', 'Married', 'Black']",60649,5,5,5,5,5,5.0
577,204,"['Female', '35 - 49', 'Hispanic', '$25,000 - $34,999', 'Married', 'Black']",60651,5,5,5,5,5,5.0
578,204,"['Female', '35 - 49', 'Hispanic', '$25,000 - $34,999', 'Married', 'Black']",60652,5,5,5,5,5,5.0
579,204,"['Female', '35 - 49', 'Hispanic', '$25,000 - $34,999', 'Married', 'Black']",60653,5,5,5,5,5,5.0
580,204,"['Female', '35 - 49', 'Hispanic', '$25,000 - $34,999', 'Married', 'Black']",60654,5,5,5,5,3,4.6
581,204,"['Female', '35 - 49', 'Hispanic', '$25,000 - $34,999', 'Married', 'Black']",60655,5,5,5,2,1,3.6
582,204,"['Female', '35 - 49', 'Hispanic', '$25,000 - $34,999', 'Married', 'Black']",60656,5,5,5,4,3,4.4
583,204,"['Female', '35 - 49', 'Hispanic', '$25,000 - $34,999', 'Married', 'Black']",60657,5,5,5,5,5,5.0
584,204,"['Female', '35 - 49', 'Hispanic', '$25,000 - $34,999', 'Married', 'Black']",60659,5,5,5,5,5,5.0
585,204,"['Female', '35 - 49', 'Hispanic', '$25,000 - $34,999', 'Married', 'Black']",60660,5,5,5,5,4,4.8
586,204,"['Female', '35 - 49', 'Hispanic', '$25,000 - $34,999', 'Married', 'Black']",60661,5,4,4,4,2,3.8
587,204,"['Female', '35 - 49', 'Hispanic', '$25,000 - $34,999', 'Married', 'Black']",60666,4,4,4,4,1,3.4
588,204,"['Female', '35 - 49', 'Hispanic', '$25,000 - $34,999', 'Married', 'Black']",60707,5,5,5,4,3,4.4
589,204,"['Female', '35 - 49', 'Hispanic', '$25,000 - $34,999', 'Married', 'Black']",60827,5,5,5,5,4,4.8
